method,N,dim,build_time,query_time
FAISS-IVF,10000,50,0.01720329199451953,1.1716698645614088e-05
FAISS-IVFPQ,10000,50,0.10776625000289641,1.0891808778978885e-05
FAISS-LSH,10000,50,0.0016962500230874866,8.505830483045429e-05
FAISS-IVF,10000,100,0.014539207972120494,1.4683199697174133e-05
FAISS-IVFPQ,10000,100,0.20877662498969585,1.4004300464875995e-05
FAISS-LSH,10000,100,0.002613582997582853,9.209179843310267e-05
FAISS-IVF,10000,200,0.017961374978767708,2.408759610261768e-05
FAISS-IVFPQ,10000,200,0.4169798330112826,2.0462498650886118e-05
FAISS-LSH,10000,200,0.0028607500134967268,9.64581937296316e-05
