method,N,dim,build_time,query_time
FAISS-IVF,10000,50,0.014005874982103705,9.091902757063509e-06
FAISS-IVFPQ,10000,50,0.10636216701823287,1.0375099373050034e-05
FAISS-LSH,10000,50,0.0012029159988742322,8.701220504008234e-05
FAISS-IVF,10000,100,0.013959832984255627,1.2500197044573724e-05
FAISS-IVFPQ,10000,100,0.20157379101146944,1.3933301670476794e-05
FAISS-LSH,10000,100,0.0020381250069476664,8.772080473136157e-05
FAISS-IVF,10000,200,0.016465166001580656,2.1008300245739518e-05
FAISS-IVFPQ,10000,200,0.39120970797375776,2.370000001974404e-05
FAISS-LSH,10000,200,0.003249415982281789,9.275830525439233e-05
