method,N,dim,build_time,query_time
LSH,10000,50,0.17351399999461137,0.005137133301468566
LSH,10000,100,0.22708429201156832,0.004673866700613871
LSH,10000,200,0.2775902920111548,0.00431664590141736
