method,N,dim,build_time,query_time
LSH,1000,200,0.024710249999770895,0.0013632957998197526
LSH,2000,200,0.035450416995445266,0.0011977333982940764
LSH,5000,200,0.09987299999920651,0.005037091695703566
LSH,10000,200,0.17458433299907483,0.0068707166006788615
LSH,17830,200,0.3042162919882685,0.010616716608637944
