method,N,dim,build_time,query_time
LSH,1000,200,0.054039666982134804,0.0003438250976614654
LSH,2000,200,0.10007929199491628,0.0026156958017963918
LSH,5000,200,0.22220620900043286,0.0233320834900951
LSH,10000,200,0.4329058329749387,0.021754246004275047
LSH,17830,200,0.5159238750056829,0.047219283296726644
