method,N,dim,build_time,query_time
LSH,1000,200,0.021749540988821536,0.0003454627003520727
LSH,2000,200,0.025672541989479214,0.0012893044942757115
LSH,5000,200,0.10212945900275372,0.0037207209039479493
LSH,10000,200,0.1624049580132123,0.005566450097830966
LSH,17830,200,0.29865212499862537,0.007348783299676143
