method,N,dim,build_time,query_time
LSH,10000,50,0.09394158306531608,0.002447945880703628
LSH,10000,100,0.12430179200600833,0.0023277960019186137
LSH,10000,200,0.15310004190541804,0.0021620582207106053
