method,N,dim,build_time,query_time
LSH,10000,50,0.13843775002169423,0.003913900002953596
LSH,10000,100,0.21495654198224656,0.004259866700158455
LSH,10000,200,0.23189287501736544,0.0033517541945911945
