method,N,dim,build_time,query_time
LSH,10000,50,0.31483537500025705,0.02439017099386547
LSH,10000,100,0.3589107920124661,0.02061481250275392
LSH,10000,200,0.3920020410150755,0.017944070804514923
