method,N,dim,build_time,query_time
LSH,1000,200,0.01033254200592637,0.0002954083262011409
LSH,2000,200,0.020592125016264617,0.0007398332818411291
LSH,5000,200,0.050839583040215075,0.001798229105770588
LSH,10000,200,0.10336591699160635,0.0038065626984462144
LSH,17830,200,0.18084416701458395,0.005913999793119728
