method,N,dim,build_time,query_time
PQ,10000,50,0.3746014579955954,0.0007094167987816036
PQ,10000,100,0.5251589580147993,0.0007221167994430289
PQ,10000,200,1.0003452080127317,0.000997945896233432
