method,N,dim,build_time,query_time
PQ,1000,200,0.569201875012368,0.0006597665051231161
PQ,2000,200,0.8805215420143213,0.0008716331969480962
PQ,5000,200,1.568169250007486,0.0006453832000261172
PQ,10000,200,2.506334792007692,0.003379695801413618
PQ,17830,200,4.21989991600276,0.0022110374993644655
