method,N,dim,build_time,query_time
PQ,1000,200,0.132452416990418,0.00037580429925583304
PQ,2000,200,0.2599157909862697,0.00046521250042133035
PQ,5000,200,0.5745699999970384,0.0007655624969629571
PQ,10000,200,0.9876908330188598,0.0008556291053537279
PQ,17830,200,2.274374832981266,0.0014585210068617017
