method,N,dim,build_time,query_time
PQ,10000,50,0.803253041987773,0.001076070693670772
PQ,10000,100,0.9554374580038711,0.0008090750023256987
PQ,10000,200,1.6046294160187244,0.0009871501999441535
