method,N,dim,build_time,query_time
PQ,1000,200,0.10858950007241219,0.00039324191166087983
PQ,2000,200,0.19396158400923014,0.0004869833122938871
PQ,5000,200,0.4046218750299886,0.0006280041881836951
PQ,10000,200,0.7302589589962736,0.0008874207735061646
PQ,17830,200,1.3601227080216631,0.0013847541296854616
