method,N,dim,build_time,query_time
PQ,10000,50,0.3372091669589281,0.0007127626799046993
PQ,10000,100,0.37570274993777275,0.0007427540956996381
PQ,10000,200,0.748437040951103,0.0009192666853778064
