method,N,dim,build_time,query_time
PQ,1000,200,0.18348291699658148,0.00043389579805079846
PQ,2000,200,0.22315729199908674,0.0006132165057351813
PQ,5000,200,0.49722483300138265,0.0007368794031208381
PQ,10000,200,1.0052283330005594,0.001036574799218215
PQ,17830,200,2.046717124991119,0.0015727958030765875
