method,N,dim,build_time,query_time
PQ,10000,50,0.4786580410145689,0.0006982832011999563
PQ,10000,100,0.5162555410061032,0.0007378915994195268
PQ,10000,200,1.1775439170014579,0.0011327500018524007
