method,N,dim,c_clusters,build_time,query_time
VQ,10000,50,200,0.1770227919332683,0.00032897483324632046
VQ,10000,100,200,0.30555024999193847,0.0003676500986330211
VQ,10000,200,200,0.6481202499708161,0.00038851669523864985
