method,N,dim,build_time,query_time
VQ,1000,200,0.05014729200047441,0.0003165624977555126
VQ,2000,200,0.23610866701346822,0.0002683877013623714
VQ,5000,200,0.5383075000136159,0.0003539667028235272
VQ,10000,200,1.138338124990696,0.0007271540962392464
VQ,17830,200,2.0913512079860084,0.0006521540955873207
