method,N,dim,c_clusters,build_time,query_time
VQ,1000,200,200,0.07493320794310421,0.0002719873795285821
VQ,2000,200,200,0.13827712507918477,0.0003056292072869837
VQ,5000,200,200,0.33388604200445116,0.00040558341424912214
VQ,10000,200,200,0.7117244579130784,0.0004531125305220485
VQ,17830,200,200,1.2568651660112664,0.0005926498793996871
