method,N,dim,build_time,query_time
VQ,10000,50,0.19089704100042582,0.0003644959011580795
VQ,10000,100,0.3117133330088109,0.000391616698470898
VQ,10000,200,0.9083675000001676,0.0007652040978427977
