method,N,dim,build_time,query_time
VQ,1000,200,0.21481466700788587,0.0008524749049684033
VQ,2000,200,3.5776848749956116,0.0008351333992322907
VQ,5000,200,2.994075166992843,0.0007606581988511607
VQ,10000,200,2.2844765830086544,0.0006690333044389263
VQ,17830,200,2.835102041979553,0.00071577089256607
