method,N,dim,build_time,query_time
VQ,10000,50,0.22494858401478268,0.0003368000005139038
VQ,10000,100,0.3824796660046559,0.0004297709005186334
VQ,10000,200,0.9815246670041233,0.0005877668038010598
