method,N,dim,build_time,query_time
VQ,1000,200,0.10500183299882337,0.0003997000021627173
VQ,2000,200,0.1443460410227999,0.00043838730198331177
VQ,5000,200,0.36963437497615814,0.000405250204494223
VQ,10000,200,0.792637915990781,0.0008648085029562935
VQ,17830,200,1.375207125005545,0.0007508747017709539
