method,N,dim,build_time,query_time
VQ,10000,50,0.30727508300333284,0.00042377100326120856
VQ,10000,100,0.6449905420013238,0.000754425095510669
VQ,10000,200,1.3623907919973135,0.000660021003568545
